Year,Exports,Imports
1700,33.32067,71.26842
1705,41.20325,75.19586
1710,59.35893,82.69708
1715,77.1219,87.39858
1720,76.30627,96.86014
1725,73.12371,101.9749
1730,64.79512,97.60144
1735,60.81948,93.23003
1740,65.53488,93.20338
1745,74.20746,92.38877
1750,77.74017,89.99313
1755,80.88172,80.88172
1757,93.90776,76.91172
1760,119.1914,76.89839
1765,146.4421,78.45942
1770,162.6204,83.56905
1775,176.4314,90.65753
1780,184.7051,92.21446
